Country,Regional indicator,Ladder score,GDP per capita,Social support,Healthy life expectancy,Freedom to make life choices,Generosity,Perceptions of corruption,Alcohol consumption Both Sexes (L/year),Alcohol consumption Male (L/year),Alcohol consumption Female (L/year),Crime rate Crime Index,Healthcare Legatum Prosperity Index Health Score,Gini Coefficient - World Bank,Happiness score
Albania,Central and Eastern Europe,5.277299881,14292.25,0.717909157,69.15007019,0.794327796,-0.006932399,0.8780936,6.82,11.02,2.53,42.53,73.95,33.2,5.411
Bosnia and Herzegovina,Central and Eastern Europe,5.632500172,14999.37,0.880300462,67.27503204,0.746143401,0.2064071,0.917537808,7.81,12.95,2.96,,70.5,33,6.136
Bulgaria,Central and Eastern Europe,5.466100216,24021.03,0.91824466,66.49977112,0.800536454,-0.056826983,0.910979748,12.46,19.86,5.59,38.21,74.11,41.3,5.554
Croatia,Central and Eastern Europe,6.125,30968.92,0.917180657,68.94998169,0.757123351,-0.092646405,0.925282836,8.73,13.96,3.99,24.59,75.74,29.7,5.87
Czechia,Central and Eastern Europe,6.845200062,40579.57,0.952577949,69.04974365,0.902514875,0.039763082,0.858949184,,,,25.52,79.49,25,6.775
Estonia,Central and Eastern Europe,6.455200195,37848.17,0.945625901,69.65016937,0.928790748,0.031764295,0.409467012,10.75,17.35,5.06,23.71,77.71,30.3,6.417
Hungary,Central and Eastern Europe,6.041200161,33479.28,0.942637324,67.50045013,0.757816672,-0.059171654,0.838859975,11.07,17.66,5.24,34.36,76.7,29.6,5.915
Kosovo,Central and Eastern Europe,6.367599964,11603.91,0.843792796,65.19499207,0.86147356,0.258716673,0.866122901,,,,,,,6.659
Latvia,Central and Eastern Europe,6.21269989,31898.72,0.937128425,66.40036774,0.817607343,-0.055582482,0.830251992,13.19,21.61,6.31,38.77,74.52,35.1,6.207
Lithuania,Central and Eastern Europe,6.763000011,38864.58,0.939346611,67.39699554,0.747852027,-0.145212829,0.805086732,12.78,20.6,6.3,33.42,74.43,35.7,6.829
Montenegro,Central and Eastern Europe,5.722199917,18262.24,0.889605999,67.09999847,0.80499804,0.06348329,0.844438255,12.24,19.51,5.3,41.18,68.44,38.5,5.877
North Macedonia,Central and Eastern Europe,5.253600121,16369.41,0.804748416,66.50035095,0.768963575,0.131239697,0.901715279,6.43,10.36,2.54,39.12,72.63,33,5.503
Poland,Central and Eastern Europe,6.259699821,34646.15,0.925056577,69.04891968,0.765491843,-0.030951187,0.735566556,11.89,18.65,5.65,30.5,76.31,30.2,6.673
Romania,Central and Eastern Europe,6.589099884,30916.8,0.847961903,67.05085754,0.855814576,-0.17174837,0.929089427,12.34,19.5,5.68,28.3,73.02,35.8,6.563
Serbia,Central and Eastern Europe,6.143599987,19033.96,0.87304765,67.08761597,0.84503603,0.203995332,0.816429853,8.85,14.09,3.93,38.1,71.93,36.2,6.606
Slovakia,Central and Eastern Europe,6.468599796,31364.55,0.952560604,68.83783722,0.75322789,-0.016442599,0.89783591,11.06,17.26,5.3,30.37,76.74,,6.221
Slovenia,Central and Eastern Europe,6.64989996,39667.65,0.950524747,71.05184937,0.913280487,0.014400638,0.771246016,12.11,18.68,5.67,22.28,79.88,24.6,6.792
Armenia,Commonwealth of Independent States,5.341700077,14983.62,0.790231049,67.78897095,0.795605063,-0.155314967,0.705433905,4.67,7.7,2.14,22.79,73.48,29.9,5.494
Georgia,Commonwealth of Independent States,5.109099865,15463.89,0.716171443,64.95006561,0.786470175,-0.254276335,0.648892462,9.47,15.61,4.11,23.38,70.64,35.9,5.4
Kazakhstan,Commonwealth of Independent States,6.143899918,26005.57,0.93144697,65.80173492,0.853236616,-0.000482664,0.721460283,5,8.33,2.02,53.77,72.23,27.8,6.378
Kyrgyzstan,Commonwealth of Independent States,5.825300217,4845.63,0.911150336,66.8524704,0.934292972,0.181351095,0.903790534,4.85,8.38,1.51,56.87,72.46,29.7,5.858
Moldova,Commonwealth of Independent States,5.819200039,13343.38,0.856635034,65.29906464,0.839715779,-0.080084369,0.900856614,12.85,20.61,5.89,46.35,70.57,25.7,5.819
Russia,Commonwealth of Independent States,5.660699844,27166.73,0.888661683,64.94726563,0.719370842,-0.030358082,0.801419675,10.5,17.99,4.31,39.99,71.38,37.5,5.945
Tajikistan,Commonwealth of Independent States,5.329800129,3776.43,0.835571945,62.22552872,0.832002461,-0.059758574,0.521577418,0.88,1.49,0.26,,72.46,34,5.411
Ukraine,Commonwealth of Independent States,5.071400166,11089.08,0.877526224,64.5501709,0.795423985,0.240311071,0.906738639,8.34,14,3.65,47.42,68.71,26.6,4.68
Uzbekistan,Commonwealth of Independent States,6.01429987,7695.62,0.874754012,65.30051422,0.937914908,0.229531765,0.638172388,2.61,4.48,0.79,33.42,76.28,35.3,6.193
China,East Asia,5.817900181,16950.72,0.835698485,68.688797,0.881891191,-0.040782504,0.727227986,6.04,9.37,2.6,30.14,83.11,38.5,5.921
Hong Kong SAR of China,East Asia,5.308499813,57898.29,0.816924751,77.27977753,0.687337458,-0.025891533,0.384609669,,,,22,81.33,,5.491
Japan,East Asia,6.129000187,40768.21,0.894116461,74.34946442,0.799495101,-0.236936539,0.639916062,10.09,15.58,4.93,22.19,86.5,32.9,6.147
Mongolia,East Asia,5.840199947,11759.56,0.932826877,60.49993134,0.701162934,0.190460965,0.848721504,5.9,9.23,2.72,56.01,66.74,32.7,5.833
South Korea,East Asia,5.951099873,44032.12,0.811611593,73.65018463,0.716827095,-0.046214234,0.701178551,8.45,12.76,4.17,26.68,84.8,31.4,6.038
Taiwan Province of China,East Asia,6.535399914,48896.43,0.884424627,69.59999847,0.803920984,-0.128957808,0.680981755,,,,15.46,83.37,,6.669
Argentina,Latin America and Caribbean,6.023700237,21137.16,0.890890062,67.20008087,0.822678208,-0.089479931,0.814013362,9.45,14.66,4.64,63.82,74.45,42.9,6.397
Bolivia,Latin America and Caribbean,5.684299946,7979.28,0.811341524,63.5989418,0.86836344,-0.062719755,0.845795691,3.91,6,1.84,57.77,66.02,41.6,5.868
Brazil,Latin America and Caribbean,6.124599934,14504.11,0.83627665,65.74871063,0.80132854,-0.009369963,0.737685144,7.32,11.65,3.22,67.49,71.68,53.4,6.494
Chile,Latin America and Caribbean,6.333799839,24685.51,0.889131069,70.29982758,0.792262018,-0.011029112,0.822749853,8.95,13.74,4.36,53.42,76.06,44.4,6.361
Colombia,Latin America and Caribbean,5.630400181,14536.67,0.821668983,69.34968567,0.804261684,-0.104314588,0.833546519,5.45,8.84,2.27,56.87,77.78,51.3,6.004
Costa Rica,Latin America and Caribbean,6.608500004,20985.07,0.87163794,70,0.895020962,-0.069804907,0.767810047,4.07,6.49,1.68,54.22,79.09,48.2,7.274
Dominican Republic,Latin America and Caribbean,5.568900108,18225.77,0.82706362,64.39896393,0.850022793,-0.0987942,0.656794727,6.68,10.62,2.8,61.02,70.64,41.9,5.846
Ecuador,Latin America and Caribbean,5.558899879,10616.99,0.805753648,69.00022125,0.802229524,-0.107672855,0.832565784,3.27,5.01,1.56,55.23,71.8,45.7,5.965
El Salvador,Latin America and Caribbean,6.121600151,8858.35,0.754742801,65.5969162,0.917532086,-0.107904956,0.619613469,4.09,6.91,1.75,67.79,69.35,38.8,6.492
Guatemala,Latin America and Caribbean,6.150300026,9097.08,0.811733902,62.90000153,0.855967522,-0.057260394,0.836575747,1.63,2.63,0.69,58.67,68.33,48.3,6.362
Honduras,Latin America and Caribbean,6.022500038,5626.45,0.765569389,64.06301117,0.842606485,0.097352162,0.842901051,3.93,6.34,1.57,74.54,69.1,48.2,5.964
Jamaica,Latin America and Caribbean,5.702700138,9552.91,0.867314041,66.59999847,0.822379053,-0.106256932,0.875067234,4.16,6.71,1.69,67.42,73.83,45.5,5.87
Mexico,Latin America and Caribbean,6.329500198,18950.81,0.804008067,65.80000305,0.856223643,-0.093560472,0.76835072,5.05,8.13,2.18,54.19,73.09,45.4,6.979
Nicaragua,Latin America and Caribbean,6.25880003,5528.59,0.852812231,65.64956665,0.877430201,0.020930536,0.625008941,5.07,8.31,2.02,47.89,72.1,46.2,6.33
Panama,Latin America and Caribbean,6.264500141,29883.43,0.896301091,68.95027161,0.85509634,-0.133390427,0.878297389,7.77,12.23,3.36,45.15,75.1,49.8,6.407
Paraguay,Latin America and Caribbean,5.737800121,13490.25,0.906064332,65.89987183,0.890843213,0.020743167,0.842590392,7.01,10.96,2.94,49.37,70.84,45.7,6.172
Peru,Latin America and Caribbean,5.525899887,12106.75,0.79796499,69.84983826,0.794370115,-0.118852139,0.891711831,6.78,10.41,3.24,66.72,75.81,41.5,5.947
Uruguay,Latin America and Caribbean,6.493899822,22845.5,0.913208961,67.5,0.895200014,-0.064617328,0.57457912,6.92,10.82,3.38,51.73,77.98,39.7,6.661
Venezuela,Latin America and Caribbean,5.210599899,251.32,0.838825405,64.04983521,0.658706963,0.128371239,0.811434984,3.56,5.72,1.51,83.76,69.61,44.8,5.683
Algeria,Middle East and North Africa,5.329100132,10940.36,0.855219007,66.54923248,0.571240425,-0.117374033,0.716906428,0.63,1.09,0.17,52.03,73.22,27.6,5.571
Bahrain,Middle East and North Africa,6.17320013,47847.86,0.843845427,65.82499695,0.943972588,0.117025144,0.736698568,1.13,1.54,0.32,25.64,76.24,,6.03
Egypt,Middle East and North Africa,4.170499802,11693.94,0.726098895,63.5030365,0.732426107,-0.182905942,0.58024621,0.14,0.24,0.037,46.83,67.2,31.5,3.817
Iran,Middle East and North Africa,4.876299858,14917.99,0.7775473,66.59994507,0.592562199,0.172932804,0.747031271,1.01,1.76,0.25,49.38,74.93,42,5.093
Iraq,Middle East and North Africa,4.940899849,8941.27,0.718452811,63.41473389,0.645771205,-0.005399684,0.876264036,0.37,0.64,0.1,48.42,64.62,29.5,4.976
Israel,Middle East and North Africa,7.472899914,41718.72,0.943343997,72.69720459,0.808865845,-0.023080051,0.708093584,4.38,6.84,2.02,31.47,83.1,39,7.234
Jordan,Middle East and North Africa,4.119800091,9231.54,0.729218423,67.59999847,0.770127714,-0.149884924,0.68720156,0.52,0.89,0.14,39.96,68.92,33.7,4.31
Lebanon,Middle East and North Africa,2.392199993,13064.81,0.529753685,66.14881897,0.473900288,-0.140914991,0.891103864,1.53,2.58,0.49,46.77,68.65,31.8,3.188
Morocco,Middle East and North Africa,4.902800083,7887.75,0.553110123,63.90077591,0.787282586,-0.230783731,0.810825348,0.49,0.87,0.13,48.66,71.17,39.5,4.622
Saudi Arabia,Middle East and North Africa,6.462600231,45046.53,0.883869171,64.39929962,0.893814981,-0.080652058,0.691308975,0,0,0,25.23,75.34,,6.6
State of Palestine,Middle East and North Africa,4.907800198,6102.03,0.859494507,,0.694499791,-0.132369906,0.835794926,,,,43.74,,33.7,4.78
Tunisia,Middle East and North Africa,4.49669981,10337.85,0.729762375,67.00008392,0.576491773,-0.212603718,0.906737387,2.04,3.61,0.53,43.69,72.05,32.8,4.552
Turkiye,Middle East and North Africa,4.613500118,29935.89,0.795781732,68.66269684,0.475323915,-0.077017136,0.794897377,1.77,3.12,0.48,39.62,74.19,41.9,5.262
United Arab Emirates,Middle East and North Africa,6.571199894,69228.92,0.825512707,66.24315643,0.941783547,0.095691487,0.583792865,3.85,4.97,0.87,15.23,78.38,26,6.759
Australia,North America and ANZ,7.094600201,50063.56,0.933870435,71.04994202,0.890199602,0.19756107,0.495915741,10.36,15.72,5.11,43.03,80.36,34.4,6.974
Canada,North America and ANZ,6.960700035,47698.51,0.928793311,71.40003967,0.874468148,0.15254651,0.420211405,8.81,13.73,4.01,41.89,78.88,33.3,6.803
New Zealand,North America and ANZ,7.122900009,42696.2,0.95239836,70.35005188,0.886574268,0.174828231,0.271205455,10.69,16.46,5.23,42.88,79.84,,6.952
United States,North America and ANZ,6.893700123,62833.85,0.919162154,65.85025024,0.800488114,0.136504903,0.688594699,9.97,15.44,4.69,47.81,73.26,41.4,6.724
Afghanistan,South Asia,1.858999968,1516.31,0.341340631,54.71240997,0.381641686,-0.081011124,0.847214818,0.013,0.022,0.003,76.31,50.91,,1.364
Bangladesh,South Asia,4.282100201,5912.83,0.544468999,64.54842377,0.845008016,0.005050377,0.698185086,0,0,0,63.9,67.39,32.4,3.851
India,South Asia,4.03579998,6367.67,0.608237445,60.77688217,0.896719217,0.071749955,0.773582876,5.61,9.06,1.89,44.43,66.16,35.7,4.389
Nepal,South Asia,5.360300064,3850.71,0.747856677,61.84700012,0.807949483,0.145935178,0.783375919,0.62,1.1,0.25,36.01,63.87,32.8,5.311
Pakistan,South Asia,4.555399895,5116.98,0.601332664,57.3125,0.765680254,0.007815487,0.78662169,0.31,0.52,0.095,42.51,60.78,31.6,4.768
Sri Lanka,South Asia,4.441599846,13240.13,0.825963318,67.14990234,0.786556125,-0.0299883,0.808490634,2.87,4.75,1.19,41.39,76.58,39.3,3.891
Cambodia,Southeast Asia,4.393499851,4379.91,0.74652946,61.8996315,0.958420157,0.073313929,0.857204616,7.84,12.9,3.21,51.13,70.58,,4.341
Indonesia,Southeast Asia,5.276899815,11910.26,0.803985059,63.04774475,0.880113542,0.531386316,0.875990689,0.22,0.37,0.063,45.93,71.13,38.2,5.617
Laos,Southeast Asia,5.11070013,7804.14,0.678946972,60.94558716,0.918855309,0.090988867,0.702521861,12.08,19.11,5.09,,66.38,38.8,5.301
Malaysia,Southeast Asia,6.012300014,26084.21,0.798607647,65.66233826,0.876727819,0.159587339,0.758468866,0.93,1.48,0.35,57.29,77.35,41.1,5.955
Myanmar,Southeast Asia,4.372499943,4464.76,0.786718249,61.38812256,0.727137327,0.491397202,0.6584481,2.14,3.57,0.85,46.51,66.74,30.7,4.321
Philippines,Southeast Asia,5.522900105,7932.57,0.779932141,62.03751755,0.918547571,-0.059889622,0.732090592,7.02,11.22,2.87,42.46,70.06,42.3,6.107
Singapore,Southeast Asia,6.586699963,106032.18,0.877539694,73.80000305,0.877669573,0.062738985,0.146112382,2,2.92,0.99,27.96,86.89,,6.565
Thailand,Southeast Asia,5.842999935,17179.51,0.87350744,68.449646,0.850337625,0.288653165,0.910390675,8.5,13.75,3.61,39.35,78.92,34.9,6.222
Vietnam,Southeast Asia,5.763299942,10796.08,0.821142972,65.50241852,0.938640594,-0.003642744,0.758844078,7.93,12.84,3.19,46.19,76.99,35.7,6.352
Benin,Sub-Saharan Africa,4.373700142,3305.31,0.437072098,56.0951004,0.743356943,-0.042522572,0.575628281,2.23,3.59,0.9,,53.5,47.8,4.357
Botswana,Sub-Saharan Africa,3.435300112,15204.49,0.753311276,54.72499847,0.742248714,-0.21462056,0.830392063,6.61,11.1,2.61,52.98,59.07,53.3,3.438
Burkina Faso,Sub-Saharan Africa,4.637599945,2136.05,0.663475156,55.46130753,0.696463406,0.095367335,0.77136606,11.05,18.5,3.85,,58.72,35.3,4.383
Cameroon,Sub-Saharan Africa,4.973199844,3702.45,0.686231196,55.84713745,0.68627888,0.014762577,0.846364498,5.52,8.76,2.32,65.24,51.02,46.6,4.887
Chad,Sub-Saharan Africa,4.39659977,1423.86,0.722041845,53.125,0.676734865,0.221161678,0.806712091,1.26,2.07,0.46,,39.17,43.3,4.384
Comoros,Sub-Saharan Africa,3.545200109,3211.82,0.470725268,59.42499924,0.469872296,-0.014281231,0.72699827,1.15,2,0.3,,59.6,45.3,3.754
Congo (Brazzaville),Sub-Saharan Africa,5.267099857,3278.7,0.604605258,56.85004425,0.730041802,-0.004339447,0.739186108,,,,,54.1,48.9,5.03
Congo (Kinshasa),Sub-Saharan Africa,3.20720005,1103.97,0.651609778,55.375,0.663797677,0.085997902,0.833751917,1.1,1.76,0.46,,50.9,42.1,3.469
Ethiopia,Sub-Saharan Africa,4.090600014,2295.56,0.782480121,60.69827652,0.720276237,0.273315191,0.788651109,2.2,3.66,0.78,49.3,60.91,35,3.898
Gabon,Sub-Saharan Africa,5.034699917,13869.98,0.745508671,58.25178909,0.641774118,-0.187012106,0.786314785,8.08,12.24,3.7,,56.07,38,5.12
Gambia,Sub-Saharan Africa,4.279399872,2096.06,0.584275603,57.90000153,0.596468151,0.364203513,0.882664919,3.36,5.73,1.09,,56.18,35.9,4.423
Ghana,Sub-Saharan Africa,4.605000019,5408.59,0.640672088,58.76277542,0.776914358,0.139253855,0.880533934,2.78,4.37,1.16,46.98,63.08,43.5,4.34
Guinea,Sub-Saharan Africa,5.071700096,2645.17,0.648632944,54.18539429,0.658715367,0.125200689,0.786968648,1.09,1.94,0.36,,48.65,33.7,4.929
Ivory Coast,Sub-Saharan Africa,5.052700043,5304.9,0.572348356,55.95271301,0.73265475,0.002820524,0.74585098,3.04,4.83,1.19,,51.81,41.5,5.102
Kenya,Sub-Saharan Africa,4.486599922,4713.84,0.690004587,58.49850845,0.695590377,0.288115174,0.852420688,2.15,3.51,0.83,60.14,65.21,40.8,4.51
Liberia,Sub-Saharan Africa,4.042300224,1446.28,0.596380234,56.70000076,0.735264957,0.154321343,0.830051303,5.37,8.58,2.2,,48.64,35.3,4.277
Madagascar,Sub-Saharan Africa,4.019100189,1465.88,0.649897635,58.04999924,0.52189213,0.07543768,0.741823196,1.98,3.22,0.77,,54.12,42.6,4.157
Malawi,Sub-Saharan Africa,3.495199919,1482.56,0.530796409,58.47534561,0.750035763,0.005193292,0.748948872,4.08,6.76,1.56,,61.01,44.7,3.26
Mali,Sub-Saharan Africa,4.197800159,2111.53,0.593481123,55.40291977,0.712831855,-0.028211305,0.846023738,1.31,2.26,0.39,,54.47,33,4.345
Mauritania,Sub-Saharan Africa,4.723899841,5382.53,0.643893063,60.47499847,0.622217357,-0.012799613,0.657324195,0,0,0,,56.74,32.6,4.542
Mauritius,Sub-Saharan Africa,5.902299881,21103.64,0.888333261,63.85012436,0.812942684,-0.028224513,0.774905682,4.78,7.67,2,48.88,71.86,36.8,5.832
Mozambique,Sub-Saharan Africa,4.953999996,1231.88,0.69181633,51.5302124,0.851470709,0.046691328,0.660460293,2.69,4.53,1.04,,52.84,54,5.19
Namibia,Sub-Saharan Africa,4.63079977,9142.96,0.78692466,56.8513298,0.669482231,-0.125577077,0.830382347,3.15,5.3,1.2,65.21,60.64,59.1,4.911
Niger,Sub-Saharan Africa,4.501299858,1201.09,0.590066552,56.54999924,0.787751496,0.032293987,0.733547568,0.52,0.89,0.15,,54.6,34.3,4.725
Nigeria,Sub-Saharan Africa,4.98059988,4894.36,0.739812434,54.89082718,0.718404353,0.072849207,0.911167204,6.19,9.84,2.49,64.06,50.12,35.1,4.885
Senegal,Sub-Saharan Africa,4.855100155,3481.74,0.62928611,59.99893188,0.77160722,0.010772932,0.845892131,0.73,1.3,0.22,,64.44,40.3,4.856
Sierra Leone,Sub-Saharan Africa,3.137599945,1626.22,0.555251062,54.89985275,0.66036731,0.10492909,0.857779682,5.31,9.19,1.47,,48.26,35.7,2.998
South Africa,Sub-Saharan Africa,5.274600029,13062.95,0.906631351,56.98897171,0.730076373,-0.086628683,0.902142584,9.45,15.74,3.46,76.86,59.9,63,5.213
Tanzania,Sub-Saharan Africa,3.693799973,2584.82,0.652874768,59.40148544,0.837926626,0.181990027,0.553873181,12.04,19.89,4.36,56,60.07,40.5,3.8
Togo,Sub-Saharan Africa,4.13740015,2150.09,0.595355511,57.44898224,0.657430291,0.024008233,0.739809096,2.66,4.25,1.1,,55.09,43.1,4.315
Uganda,Sub-Saharan Africa,4.432499886,2243.45,0.794043124,58.91272736,0.701275289,0.113736078,0.857214749,12.48,20.61,4.94,56.12,58.49,42.8,4.461
Zambia,Sub-Saharan Africa,3.982199907,3209.44,0.693536043,55.03213882,0.790871441,0.098388903,0.817556739,4.46,7.26,1.79,43.62,57.2,57.1,3.912
Zimbabwe,Sub-Saharan Africa,3.203500032,2081.82,0.689917505,54.04988861,0.654055476,-0.04623023,0.765582323,4.52,7.94,1.62,59.3,55.46,50.3,3.396
Austria,Western Europe,7.097300053,54117.11,0.888435841,71.1500473,0.854737282,0.101604469,0.496774375,11.93,18.42,5.76,25.54,80.23,30.8,6.81
Belgium,Western Europe,6.859099865,51204.72,0.914870977,70.899086,0.825228512,0.001419385,0.548573434,10.8,16.7,5.13,44.58,80.6,27.2,6.91
Cyprus,Western Europe,6.130000114,40587.12,0.826080739,72.80194092,0.723873675,-0.060026571,0.859785974,10.8,16.92,4.76,31.28,79.23,32.7,5.942
Denmark,Western Europe,7.586400032,57651.06,0.954112232,71.25014496,0.933532834,0.134242162,0.195813894,10.13,15.58,4.8,26.22,81.07,28.2,7.521
Finland,Western Europe,7.804200172,48630.7,0.96876961,71.1499939,0.9614079,-0.018824166,0.181744561,10.65,16.56,4.99,27.59,81.19,27.3,7.736
France,Western Europe,6.661300182,44388.47,0.908803761,72.30005646,0.818730354,-0.100289851,0.552618504,12.23,19.21,5.83,51.99,80.46,32.4,6.593
Germany,Western Europe,6.891799927,53029.82,0.895954788,71.29983521,0.845851481,0.030037729,0.419564128,12.79,19.71,6.15,35.79,81.41,31.9,6.753
Greece,Western Europe,5.930900097,29382.53,0.834951401,71.14976501,0.567921817,-0.239567921,0.793221831,10.5,16.72,4.6,45.85,77.43,32.9,5.776
Iceland,Western Europe,7.529600143,53934.77,0.982533097,72.05001831,0.936349213,0.21098654,0.667847812,9.21,14.03,4.39,23.75,82.72,26.1,7.515
Ireland,Western Europe,6.91079998,101454.11,0.905368447,71.29995728,0.874381065,0.091659524,0.357952237,12.75,19.38,6.34,45.51,80.04,31.4,6.889
Italy,Western Europe,6.404500008,41525.02,0.881569505,72.05000305,0.710513592,-0.073542804,0.8417539,8.01,12.74,3.61,44.85,80.9,35.9,6.415
Luxembourg,Western Europe,7.227900028,115838.16,0.87850076,71.67500305,0.91493845,0.023949623,0.344978303,12.45,18.74,6.08,34.13,81.59,35.4,7.122
Malta,Western Europe,6.299900055,42653.55,0.922677517,71.60003662,0.885637522,0.119314983,0.72886616,8.27,12.88,3.69,40.39,80.54,28.7,6.316
Netherlands,Western Europe,7.402999878,56515.99,0.930499315,71.55001831,0.886875093,0.212686151,0.378929287,9.67,14.9,4.54,27.16,82.05,28.1,7.306
Norway,Western Europe,7.315499783,65364.23,0.943476558,71.50002289,0.946616411,0.140636057,0.282744706,7.14,10.8,3.45,33.72,82.98,27.6,7.262
Portugal,Western Europe,5.967999935,33814.76,0.877972424,71.25039673,0.902433217,-0.196075186,0.878076315,12.09,19.51,5.59,29.91,77.44,33.5,6.013
Spain,Western Europe,6.436200142,37808.92,0.931739926,72.34997559,0.782114565,-0.065927997,0.710518539,12.67,19.94,5.76,33.32,79.66,34.7,6.466
Sweden,Western Europe,7.395199776,53253.72,0.939248681,72.15015411,0.947971046,0.164788574,0.202448383,9.04,13.85,4.27,48,82.28,30,7.345
Switzerland,Western Europe,7.240099907,70546.49,0.920439243,72.89995575,0.891074419,0.026686419,0.266347587,11.23,17.18,5.45,21.62,82.11,33.1,6.935
United Kingdom,Western Europe,6.795599937,44544.53,0.882204711,70.30000305,0.852191567,0.253307521,0.454079747,11.45,17.74,5.4,46.07,78.31,35.1,6.728
